Beta,Delta,Type 1,Type 2,Type 3,Clustering
0,0,0.492248,0.501256,0.006496,0.524573094544
0,1,0.62376,0.366784,0.009456,0.555185339442
1,0,0.754768,0.119992,0.12524,0.663265306122
0.5,0.5,0.64844,0.321352,0.030208,0.554144106622